invoice_id,customer_id,issue_date,due_date,amount,currency,status,outstanding_amount
INV215A8A3A,CUST9A1F1150,2024-05-08,2024-06-07,49746.49,AUD,Paid,0.0
INV078FF4F7,CUST9A1F1150,2024-10-14,2024-11-13,5172.43,GBP,Paid,0.0
INVC888AB2E,CUSTDC14563C,2024-06-26,2024-07-26,6579.05,AUD,Unpaid,147.94
INVD66B5374,CUSTDC14563C,2024-03-29,2024-04-28,25024.48,JPY,Paid,0.0
INV0DC782BD,CUSTDC14563C,2024-06-09,2024-07-09,17364.21,AUD,Paid,0.0
INVF35A287B,CUSTDC14563C,2024-05-31,2024-06-30,11049.28,GBP,Unpaid,305.34
INV85AFF8DB,CUSTA2D4FB11,2024-05-23,2024-06-22,9056.01,GBP,Paid,0.0
INV9DBCEDAD,CUSTA2D4FB11,2024-03-30,2024-04-29,19070.08,EUR,Overdue,625.45
INV1D89B04D,CUSTA2D4FB11,2024-07-07,2024-08-06,28826.77,JPY,Paid,0.0
INV03754EA9,CUSTA2D4FB11,2024-11-23,2024-12-23,11168.28,EUR,Paid,0.0
INVC0D5A821,CUST181AA34E,2024-03-29,2024-04-28,36930.86,USD,Paid,0.0
INV96F3866F,CUST181AA34E,2024-01-01,2024-01-31,3215.42,USD,Paid,0.0
INVE4CC72E5,CUST067DFD0E,2024-01-13,2024-02-12,42725.18,JPY,Paid,0.0
INV0BB604F1,CUST9B1E0D2F,2024-01-10,2024-02-09,26348.05,EUR,Paid,0.0
INVEAE58648,CUST9B1E0D2F,2023-12-29,2024-01-28,37628.2,GBP,Paid,0.0
INVF10A4687,CUST9B1E0D2F,2024-11-14,2024-12-14,40803.64,EUR,Overdue,1568.19
INV6D3FB865,CUST9B1E0D2F,2024-03-04,2024-04-03,13011.07,JPY,Paid,0.0
INV700134DE,CUST9B1E0D2F,2024-08-23,2024-09-22,24345.24,JPY,Unpaid,1189.66
INVC0CBF47A,CUST8A98FE04,2024-05-12,2024-06-11,12138.44,JPY,Unpaid,125.11
INV71E62436,CUST8A98FE04,2024-05-19,2024-06-18,37976.3,GBP,Unpaid,1380.96
INV8746794B,CUST8A98FE04,2023-12-26,2024-01-25,30334.82,EUR,Paid,0.0
INV4E549B0D,CUST4074E7D5,2024-11-09,2024-12-09,32688.33,USD,Paid,0.0
INV4CF11510,CUST4074E7D5,2024-07-16,2024-08-15,37946.76,USD,Paid,0.0
INV87EA1242,CUST4074E7D5,2024-05-28,2024-06-27,23419.88,USD,Paid,0.0
INVB584C4DB,CUST4074E7D5,2024-10-20,2024-11-19,39262.82,USD,Paid,0.0
INV4FF6DBD3,CUST4074E7D5,2024-08-05,2024-09-04,15185.94,USD,Paid,0.0
INV7C5CCD87,CUST08383B87,2023-12-08,2024-01-07,13326.34,USD,Paid,0.0
INV836BA08D,CUSTCC65D59D,2024-11-23,2024-12-23,37565.08,USD,Overdue,0.0
INVEFBD166E,CUSTBD881593,2024-06-27,2024-07-27,6714.58,USD,Paid,0.0
INV4CFF132B,CUSTBD881593,2024-02-07,2024-03-08,3444.28,USD,Paid,0.0
INV13E9AF1F,CUSTBD881593,2024-01-24,2024-02-23,34931.39,USD,Unpaid,0.0
INVE851C34C,CUSTBD881593,2024-09-22,2024-10-22,45876.01,USD,Paid,0.0
INV17B9F628,CUSTBD881593,2024-10-03,2024-11-02,15554.57,USD,Unpaid,0.0
INV0D982F1D,CUST80E1446B,2024-11-26,2024-12-26,37590.89,USD,Paid,0.0
INVB3EA0799,CUST80E1446B,2024-08-11,2024-09-10,8411.99,USD,Paid,0.0
INV0B6D587E,CUST80E1446B,2024-05-07,2024-06-06,20902.85,USD,Overdue,0.0
INVD689DB33,CUSTE4EADEB4,2024-10-22,2024-11-21,14196.02,AUD,Paid,0.0
INV48CB05AA,CUSTBA7399B2,2024-07-04,2024-08-03,32978.83,USD,Overdue,0.0
INV195A5789,CUSTBA7399B2,2024-08-21,2024-09-20,25454.3,USD,Paid,0.0
INVD58F80F8,CUSTBA7399B2,2024-04-06,2024-05-06,23481.31,USD,Paid,0.0
INV2F6DF020,CUSTBA7399B2,2024-02-02,2024-03-03,17379.3,USD,Paid,0.0
INV21FB6A22,CUST44769737,2024-11-25,2024-12-25,13156.07,USD,Paid,0.0
INV881E2909,CUST44769737,2024-08-23,2024-09-22,20006.39,USD,Unpaid,0.0
INV79D8FD1B,CUST44769737,2024-04-08,2024-05-08,1097.8,USD,Paid,0.0
INV91D2E274,CUST44769737,2024-01-30,2024-02-29,29973.48,USD,Unpaid,0.0
INV522E2609,CUST39D3FAF2,2024-03-03,2024-04-02,38366.52,USD,Unpaid,0.0
INV9C41E6DA,CUST39D3FAF2,2024-06-03,2024-07-03,45322.58,USD,Unpaid,0.0
INV0C427D74,CUST39D3FAF2,2024-04-30,2024-05-30,24218.87,USD,Paid,0.0
INV75DD8956,CUST39D3FAF2,2024-02-03,2024-03-04,12426.65,USD,Unpaid,0.0
INV232BF01D,CUST39D3FAF2,2024-01-06,2024-02-05,14611.76,USD,Overdue,0.0
INV46ECCB5F,CUST4387A5BA,2024-04-19,2024-05-19,26031.55,AUD,Paid,0.0
INV1FF5C74F,CUST4387A5BA,2024-01-30,2024-02-29,7240.16,JPY,Paid,0.0
INVAEB05FF9,CUST4387A5BA,2024-05-24,2024-06-23,45122.74,GBP,Paid,0.0
INVE42CAC61,CUST4387A5BA,2024-01-06,2024-02-05,27267.22,AUD,Paid,0.0
INVD66C6D48,CUST4387A5BA,2024-09-01,2024-10-01,38629.48,EUR,Paid,0.0
INV0FD2E392,CUSTDEAE682A,2024-01-28,2024-02-27,17491.15,USD,Paid,0.0
INV6DE2FB95,CUSTDEAE682A,2024-04-06,2024-05-06,8875.37,USD,Paid,0.0
INV07568D82,CUSTDEAE682A,2024-09-26,2024-10-26,25936.09,USD,Paid,0.0
INVD8835468,CUSTD1457131,2023-12-14,2024-01-13,44583.63,USD,Paid,0.0
INV661688EA,CUSTD1457131,2024-11-01,2024-12-01,44621.27,USD,Paid,0.0
INVE7F7423E,CUSTD1457131,2024-08-24,2024-09-23,41305.28,USD,Paid,0.0
INVC6A34406,CUST5AD70FFA,2024-01-13,2024-02-12,16333.43,GBP,Paid,0.0
INVE8BE3B5E,CUST5AD70FFA,2024-03-25,2024-04-24,20369.34,EUR,Unpaid,830.92
INVE52957F7,CUST5AD70FFA,2024-03-30,2024-04-29,22603.9,AUD,Unpaid,984.87
INV94B7383B,CUST5AD70FFA,2024-10-09,2024-11-08,19594.69,JPY,Paid,0.0
INV24A57DDD,CUST5AD70FFA,2024-03-15,2024-04-14,26170.19,EUR,Unpaid,668.93
INV591BB8B9,CUST6F0C6B99,2024-11-20,2024-12-20,35857.87,USD,Unpaid,0.0
INV5D9F3D7A,CUST6F0C6B99,2024-02-05,2024-03-06,12369.05,USD,Unpaid,0.0
INVF36D01C8,CUST6F0C6B99,2024-07-14,2024-08-13,36617.08,USD,Unpaid,0.0
INV80F67E7B,CUST6F0C6B99,2024-08-15,2024-09-14,43519.44,USD,Overdue,0.0
INVF32FBF7E,CUST6F0C6B99,2024-11-25,2024-12-25,22207.55,USD,Paid,0.0
INVD8C9BC0F,CUST88D205D4,2024-11-19,2024-12-19,38915.13,JPY,Paid,0.0
INV8C815397,CUST1EF8AC19,2024-11-22,2024-12-22,22167.4,USD,Paid,0.0
INV474D276B,CUST1EF8AC19,2024-02-18,2024-03-19,45673.72,USD,Overdue,0.0
INV6DB53B12,CUST1EF8AC19,2024-04-30,2024-05-30,18580.6,USD,Paid,0.0
INVC12BFC29,CUST1EF8AC19,2024-05-31,2024-06-30,34656.98,USD,Paid,0.0
INVC9AF7531,CUST6494C262,2024-09-01,2024-10-01,15835.09,USD,Paid,0.0
INV3DBEA072,CUST6494C262,2024-07-03,2024-08-02,27194.91,USD,Paid,0.0
INV8D59DC13,CUST6494C262,2023-12-07,2024-01-06,4539.1,USD,Paid,0.0
INV019CBD1E,CUSTAA4A8B5A,2024-03-13,2024-04-12,37489.13,GBP,Unpaid,657.53
INV741A256F,CUSTF03DFA04,2024-08-01,2024-08-31,8899.7,USD,Paid,0.0
INV64BACCC2,CUSTF03DFA04,2024-09-26,2024-10-26,25555.89,USD,Paid,0.0
INV4F946FE0,CUSTF9AAEB49,2024-05-03,2024-06-02,2859.82,USD,Paid,0.0
INVF4683F15,CUST45E102B3,2024-07-08,2024-08-07,32679.84,USD,Paid,0.0
INVCFD26EDD,CUST45E102B3,2024-01-12,2024-02-11,1021.61,USD,Paid,0.0
INV86D655F2,CUST45E102B3,2024-03-24,2024-04-23,16995.86,USD,Paid,0.0
INVA5986760,CUSTB16B5458,2024-04-21,2024-05-21,44028.29,USD,Paid,0.0
INV77A0FD93,CUSTB16B5458,2024-06-26,2024-07-26,5280.68,USD,Paid,0.0
INV5544AB2D,CUST319CF75A,2024-07-01,2024-07-31,27837.4,USD,Paid,0.0
INV34DFA30A,CUST5D96ECD0,2024-04-26,2024-05-26,33741.1,GBP,Paid,0.0
INVA916CE92,CUST5D96ECD0,2024-03-21,2024-04-20,34716.72,EUR,Unpaid,891.72
INV0488F7F4,CUST5D96ECD0,2024-03-23,2024-04-22,7405.14,JPY,Paid,0.0
INV67D99D4A,CUST090B9605,2023-12-30,2024-01-29,13867.25,USD,Paid,0.0
INVCF87ECD3,CUST090B9605,2024-05-22,2024-06-21,15172.53,USD,Unpaid,0.0
INV2742D4B1,CUST090B9605,2024-08-26,2024-09-25,11880.66,USD,Unpaid,0.0
INV3D4DA2E0,CUST090B9605,2024-02-25,2024-03-26,41181.29,USD,Unpaid,0.0
INV1E8BF741,CUST090B9605,2024-03-21,2024-04-20,29790.93,USD,Unpaid,0.0
INVC5F20462,CUST4207C18A,2024-06-01,2024-07-01,35510.75,USD,Paid,0.0
INV91937BFE,CUST4207C18A,2023-12-08,2024-01-07,2290.66,USD,Paid,0.0
INV57B2E37F,CUST4207C18A,2024-03-01,2024-03-31,20751.79,USD,Paid,0.0
INV97ABA6DE,CUST4207C18A,2024-10-08,2024-11-07,2810.21,USD,Paid,0.0
INVBA0F5E6E,CUSTB29751DC,2023-12-07,2024-01-06,26140.61,USD,Paid,0.0
INV939ECACB,CUSTB29751DC,2024-01-11,2024-02-10,19893.69,USD,Paid,0.0
INV7064DB7E,CUSTB29751DC,2023-12-08,2024-01-07,42649.28,USD,Unpaid,0.0
INV40025037,CUSTB29751DC,2024-04-08,2024-05-08,13378.48,USD,Unpaid,0.0
INV8735E0F1,CUST91101961,2024-05-12,2024-06-11,3688.93,USD,Paid,0.0
INV9D1482AA,CUST91101961,2024-01-24,2024-02-23,4790.4,USD,Paid,0.0
INV6BD61789,CUST91101961,2024-03-24,2024-04-23,25358.4,USD,Overdue,0.0
INV28705A97,CUST91101961,2023-12-15,2024-01-14,25560.83,USD,Unpaid,0.0
INV75C6312F,CUST91101961,2024-01-08,2024-02-07,44407.83,USD,Paid,0.0
INV4A655F35,CUSTF0F626B8,2024-10-12,2024-11-11,25283.42,USD,Paid,0.0
INVB57520C2,CUSTF0F626B8,2024-10-02,2024-11-01,10249.56,USD,Paid,0.0
INVA7077B82,CUSTF0F626B8,2024-01-07,2024-02-06,6828.3,USD,Paid,0.0
INV433F1EF8,CUST285F30A1,2024-10-25,2024-11-24,8674.73,USD,Paid,0.0
INVC29AB5C2,CUST285F30A1,2024-03-28,2024-04-27,3370.02,USD,Paid,0.0
INV9C9F03B1,CUST285F30A1,2024-05-29,2024-06-28,25151.13,USD,Paid,0.0
INVEA77F1BC,CUSTE6B85D14,2024-10-14,2024-11-13,21922.07,USD,Unpaid,0.0
INVDE8BED6B,CUSTE6B85D14,2024-03-28,2024-04-27,14386.96,USD,Paid,0.0
INV897AAF66,CUSTE6B85D14,2024-09-10,2024-10-10,34803.39,USD,Paid,0.0
INV1009041A,CUSTE6B85D14,2024-01-23,2024-02-22,9542.94,USD,Paid,0.0
INV20F6074D,CUSTE6B85D14,2024-05-14,2024-06-13,23879.55,USD,Paid,0.0
INV3D94327A,CUST33FE5108,2024-03-07,2024-04-06,20238.03,USD,Paid,0.0
INV1AA22F8B,CUST33FE5108,2024-09-22,2024-10-22,2323.76,USD,Paid,0.0
INV1E1538A6,CUST33FE5108,2024-04-18,2024-05-18,44695.62,USD,Paid,0.0
INV4E4318F8,CUST33FE5108,2024-03-09,2024-04-08,22906.17,USD,Paid,0.0
INV55FF48DE,CUST0D9D87C8,2024-05-10,2024-06-09,42657.09,USD,Unpaid,0.0
INV0E36FA0C,CUST0D9D87C8,2024-05-11,2024-06-10,17619.4,USD,Paid,0.0
INVAB14E255,CUST0D9D87C8,2024-07-11,2024-08-10,4548.84,USD,Overdue,0.0
INV8F6FC0D4,CUST932A9EA2,2024-10-10,2024-11-09,3716.21,AUD,Unpaid,154.14
INVE1A48824,CUST932A9EA2,2024-06-17,2024-07-17,8126.27,EUR,Overdue,207.98
INVF956E8D0,CUSTDE6D128A,2024-03-30,2024-04-29,42232.53,AUD,Paid,0.0
INVEE78C877,CUSTDE6D128A,2024-07-11,2024-08-10,16141.84,GBP,Paid,0.0
INV9D72BE24,CUST38307E73,2024-10-07,2024-11-06,12532.43,USD,Paid,0.0
INV8ED622BA,CUST38307E73,2024-06-04,2024-07-04,48639.75,USD,Paid,0.0
INVD0228D18,CUST38307E73,2024-05-17,2024-06-16,15536.26,USD,Unpaid,0.0
INV2CC3808B,CUST38307E73,2024-03-01,2024-03-31,23855.03,USD,Paid,0.0
INVCDD22048,CUST38307E73,2024-08-29,2024-09-28,4630.41,USD,Paid,0.0
INVA7C7B7AF,CUSTB620B962,2024-07-31,2024-08-30,5991.46,EUR,Paid,0.0
INVD291A6D2,CUSTB620B962,2024-02-07,2024-03-08,2849.76,AUD,Paid,0.0
INV4723B5F4,CUSTB620B962,2024-08-15,2024-09-14,28935.89,GBP,Paid,0.0
INVBE6ED73C,CUSTB620B962,2024-05-24,2024-06-23,20651.18,EUR,Paid,0.0
INV9117A17F,CUSTDA1DD549,2024-03-20,2024-04-19,1374.82,JPY,Paid,0.0
INV6E9CE274,CUSTDA1DD549,2024-01-21,2024-02-20,27330.58,JPY,Paid,0.0
INVF4279214,CUST6DCEF7FB,2024-01-06,2024-02-05,10025.87,USD,Unpaid,0.0
INVBD3A3170,CUST6DCEF7FB,2024-07-05,2024-08-04,4955.43,USD,Paid,0.0
INVD805BE1A,CUST6DCEF7FB,2024-02-08,2024-03-09,8033.33,USD,Overdue,0.0
INV0675115E,CUST6DCEF7FB,2024-01-19,2024-02-18,44050.55,USD,Paid,0.0
INV5DF5449C,CUST08A537C9,2024-03-06,2024-04-05,1995.97,USD,Paid,0.0
INV47963A61,CUST08A537C9,2024-09-28,2024-10-28,35466.47,USD,Paid,0.0
INV47B454E4,CUST08A537C9,2024-11-22,2024-12-22,9475.54,USD,Paid,0.0
INV4C32C2A8,CUST08A537C9,2024-03-18,2024-04-17,9642.06,USD,Paid,0.0
INVB79CE99E,CUST08A537C9,2024-03-16,2024-04-15,11772.46,USD,Paid,0.0
INV021A6704,CUST5EC82DE0,2024-01-10,2024-02-09,17364.62,USD,Unpaid,0.0
INVFEA406AA,CUST5EC82DE0,2024-04-01,2024-05-01,15218.62,USD,Paid,0.0
INV2F1718A7,CUST5D92820E,2024-01-12,2024-02-11,47514.76,USD,Paid,0.0
INVC70CFC2A,CUST5D92820E,2023-12-01,2023-12-31,17284.02,USD,Paid,0.0
INV0BA36A7F,CUST3AF3ED0B,2024-02-14,2024-03-15,1262.72,USD,Paid,0.0
INV534545A7,CUST3AF3ED0B,2023-12-25,2024-01-24,33476.24,USD,Paid,0.0
INVF16B052D,CUST3AF3ED0B,2024-07-10,2024-08-09,48146.29,USD,Paid,0.0
INVC8D858F5,CUSTC0A5EC34,2024-08-23,2024-09-22,35121.63,USD,Paid,0.0
INV63463790,CUST0D2C55D8,2024-04-01,2024-05-01,47646.07,USD,Paid,0.0
INV4DD5CCC4,CUST0D2C55D8,2024-06-22,2024-07-22,25856.09,USD,Unpaid,0.0
INVA1DD973E,CUST0D2C55D8,2023-12-17,2024-01-16,27189.8,USD,Paid,0.0
INVBD171043,CUST0D2C55D8,2024-03-12,2024-04-11,5204.51,USD,Paid,0.0
INV5DBB1C05,CUSTBF5C78C7,2024-07-21,2024-08-20,35311.03,USD,Paid,0.0
INVB4FEDA15,CUST9073F4A2,2024-08-09,2024-09-08,6048.59,USD,Paid,0.0
INVDAC27AF5,CUST9073F4A2,2024-06-05,2024-07-05,25204.46,USD,Paid,0.0
INVBD3387D2,CUST9073F4A2,2024-05-14,2024-06-13,44181.0,USD,Paid,0.0
INV22AD0B7E,CUST91350086,2024-11-12,2024-12-12,42801.52,USD,Unpaid,0.0
INVDA2BEEFB,CUST91350086,2024-01-15,2024-02-14,39802.23,USD,Paid,0.0
INV4D3EF3D0,CUST91350086,2024-02-04,2024-03-05,32767.3,USD,Unpaid,0.0
INV77141084,CUST91350086,2024-03-08,2024-04-07,6527.05,USD,Paid,0.0
INV763BF316,CUSTCC85AAB2,2024-08-21,2024-09-20,16971.66,EUR,Paid,0.0
INV8FEF2DAD,CUSTCC85AAB2,2024-08-29,2024-09-28,8739.25,JPY,Paid,0.0
INVB628E619,CUSTCC85AAB2,2024-02-13,2024-03-14,26967.85,EUR,Paid,0.0
INV6AE6389C,CUSTCC85AAB2,2024-02-27,2024-03-28,3287.34,JPY,Unpaid,127.94
INVF90035D2,CUST6BD978AD,2024-07-19,2024-08-18,40344.62,USD,Paid,0.0
INVC4FB7CB4,CUST6BD978AD,2024-03-30,2024-04-29,31225.47,USD,Paid,0.0
INV6ADF7397,CUST00B7EAF9,2024-02-07,2024-03-08,41947.23,AUD,Overdue,1800.48
INV68029653,CUST00B7EAF9,2024-10-16,2024-11-15,47837.79,GBP,Paid,0.0
INVC5D89BD6,CUST00B7EAF9,2023-12-14,2024-01-13,47824.74,AUD,Paid,0.0
INV5594544C,CUST00B7EAF9,2024-11-19,2024-12-19,21592.51,AUD,Paid,0.0
INV03301C39,CUSTD1CA2E23,2023-12-20,2024-01-19,12727.47,USD,Paid,0.0
INV827B564A,CUSTD1CA2E23,2023-11-30,2023-12-30,17917.88,USD,Paid,0.0
INV0DB753EA,CUSTE6E2AB4F,2024-02-13,2024-03-14,14501.35,USD,Paid,0.0
INV8F243A87,CUSTE6E2AB4F,2024-11-03,2024-12-03,1931.3,USD,Paid,0.0
INVC4C70051,CUSTE6E2AB4F,2024-01-05,2024-02-04,3128.19,USD,Paid,0.0
INV6CD18AFA,CUSTE6E2AB4F,2024-09-06,2024-10-06,1670.73,USD,Paid,0.0
INV04050332,CUSTE6E2AB4F,2024-08-22,2024-09-21,4924.46,USD,Overdue,0.0
INVC49BD1DB,CUSTA3978F3F,2023-12-19,2024-01-18,38775.85,AUD,Paid,0.0
INVA4BDC3D4,CUST48BCB9B2,2024-11-07,2024-12-07,28156.69,JPY,Paid,0.0
INV2BD4085A,CUST48BCB9B2,2024-11-24,2024-12-24,1742.98,GBP,Paid,0.0
INV24E23D94,CUST48BCB9B2,2024-06-09,2024-07-09,40947.79,JPY,Paid,0.0
INV0B238845,CUST48BCB9B2,2024-01-04,2024-02-03,33362.93,EUR,Paid,0.0
INV2C79865C,CUST48BCB9B2,2024-03-28,2024-04-27,35183.76,JPY,Paid,0.0
INVC3783B74,CUST66870A34,2024-02-14,2024-03-15,31023.71,USD,Paid,0.0
INV20EB5854,CUST66870A34,2024-06-12,2024-07-12,29848.81,USD,Paid,0.0
INV719D36D9,CUST66870A34,2024-04-16,2024-05-16,14091.32,USD,Unpaid,0.0
INV1C8C999C,CUST66870A34,2024-09-03,2024-10-03,31881.37,USD,Paid,0.0
INV516FCA6B,CUST66870A34,2024-11-12,2024-12-12,40593.01,USD,Overdue,0.0
INV7EA87A7C,CUST74A3DDEE,2024-08-01,2024-08-31,19650.96,USD,Unpaid,0.0
INVBDD9B515,CUST74A3DDEE,2024-05-13,2024-06-12,29338.3,USD,Overdue,0.0
INVBA685E65,CUST67C92B61,2024-01-31,2024-03-01,36477.69,USD,Unpaid,0.0
INVFC16CF10,CUST67C92B61,2024-10-31,2024-11-30,2819.55,USD,Unpaid,0.0
INV23C9DB9A,CUST67C92B61,2024-09-25,2024-10-25,26040.92,USD,Paid,0.0
INV959A5160,CUST67C92B61,2024-03-02,2024-04-01,2730.53,USD,Paid,0.0
INVD1791583,CUST3FC0BB5C,2024-11-13,2024-12-13,26255.82,USD,Unpaid,0.0
INVC6DFC774,CUST3FC0BB5C,2024-08-29,2024-09-28,21321.64,USD,Overdue,0.0
INV0E830472,CUST3FC0BB5C,2024-06-12,2024-07-12,47054.17,USD,Unpaid,0.0
INV6CE85B95,CUST89D31062,2024-11-23,2024-12-23,24768.07,USD,Paid,0.0
INV04C2F36B,CUST89D31062,2024-08-25,2024-09-24,28875.82,USD,Paid,0.0
INVD08B0AA3,CUST89D31062,2024-07-02,2024-08-01,35443.92,USD,Paid,0.0
INV7F5CEBFD,CUST89D31062,2024-07-12,2024-08-11,31175.47,USD,Unpaid,0.0
INVA5740FBA,CUST4CEEFF1A,2024-11-21,2024-12-21,40013.25,USD,Paid,0.0
INVC202DA5F,CUST4CEEFF1A,2024-02-02,2024-03-03,15969.52,USD,Paid,0.0
INV65554BD5,CUST1A9A98D5,2024-05-24,2024-06-23,49950.26,EUR,Paid,0.0
INV3D0B6763,CUST1A9A98D5,2024-04-27,2024-05-27,41474.08,JPY,Paid,0.0
INVEC9E2668,CUST1A9A98D5,2024-02-16,2024-03-17,30557.49,EUR,Paid,0.0
INVDE29F2E4,CUST89FE2496,2024-10-21,2024-11-20,39019.06,JPY,Unpaid,1294.56
INV97218A1E,CUST7BD21D28,2023-12-20,2024-01-19,6948.78,USD,Paid,0.0
INVCCC9BE6A,CUST7BD21D28,2024-06-22,2024-07-22,32037.39,USD,Paid,0.0
INV0843BBBD,CUSTAFCD7BE0,2024-09-21,2024-10-21,15734.81,USD,Unpaid,0.0
INV69D29AE2,CUSTAFCD7BE0,2024-07-26,2024-08-25,36030.96,USD,Paid,0.0
INV9C71A8B2,CUSTAFCD7BE0,2024-07-27,2024-08-26,3492.27,USD,Paid,0.0
INV6A7C2C02,CUSTAFCD7BE0,2024-05-13,2024-06-12,15012.65,USD,Paid,0.0
INVA9D2BD06,CUST0D9DA6C1,2024-07-07,2024-08-06,37996.54,USD,Unpaid,0.0
INV4F04D4C0,CUSTD4BC4EB0,2024-09-01,2024-10-01,12207.02,USD,Paid,0.0
INV05D534B4,CUSTD4BC4EB0,2024-06-08,2024-07-08,38271.86,USD,Paid,0.0
INVD8BCB0E4,CUSTD4BC4EB0,2024-11-29,2024-12-29,29693.87,USD,Paid,0.0
INV24E322EF,CUSTD4BC4EB0,2024-01-27,2024-02-26,9132.84,USD,Paid,0.0
INV202FF559,CUSTD4BC4EB0,2024-05-06,2024-06-05,32011.35,USD,Unpaid,0.0
INVEE49F557,CUST6FF5A098,2024-07-23,2024-08-22,42952.15,USD,Paid,0.0
INVDC9D826C,CUST6FF5A098,2024-10-18,2024-11-17,28472.67,USD,Unpaid,0.0
INV846CA080,CUST6FF5A098,2024-06-17,2024-07-17,31761.71,USD,Paid,0.0
INVC0357015,CUST6FF5A098,2024-06-14,2024-07-14,6372.31,USD,Unpaid,0.0
INV3D31C100,CUST6FF5A098,2024-10-24,2024-11-23,47382.61,USD,Paid,0.0
INV217BAC82,CUST59D66460,2024-11-14,2024-12-14,33461.13,USD,Paid,0.0
INV8EAFD04C,CUST59D66460,2024-08-21,2024-09-20,28773.67,USD,Paid,0.0
INVD021D0C6,CUST59D66460,2023-12-29,2024-01-28,23674.88,USD,Paid,0.0
INV817F4010,CUST59D66460,2024-02-04,2024-03-05,16704.35,USD,Unpaid,0.0
INVB0B93EC3,CUST59D66460,2024-07-10,2024-08-09,23249.86,USD,Unpaid,0.0
INVA41901CF,CUSTD0E1CBF5,2024-10-13,2024-11-12,28642.86,AUD,Overdue,337.15
INV8755E8CA,CUSTD0E1CBF5,2024-10-17,2024-11-16,9944.19,GBP,Paid,0.0
INV31C0AD47,CUSTCCB06C87,2024-02-03,2024-03-04,23077.77,USD,Paid,0.0
INV017C26B9,CUSTCCB06C87,2024-03-31,2024-04-30,3458.09,USD,Paid,0.0
INV546E1817,CUSTCCB06C87,2024-07-28,2024-08-27,39776.59,USD,Paid,0.0
INVE011A82F,CUSTCCB06C87,2024-01-31,2024-03-01,2595.63,USD,Paid,0.0
INV1BFB5FA9,CUSTCCB06C87,2024-07-24,2024-08-23,18606.4,USD,Unpaid,0.0
INV3AEAF96F,CUSTC5945B48,2024-05-07,2024-06-06,48529.85,AUD,Paid,0.0
INVC7A3A779,CUSTC5945B48,2024-11-11,2024-12-11,40934.73,GBP,Overdue,1838.35
INV9F49C4FA,CUSTC5945B48,2024-10-15,2024-11-14,46058.81,JPY,Paid,0.0
INV3C9D3A79,CUSTC5945B48,2024-10-13,2024-11-12,26080.17,JPY,Unpaid,1054.08
INVF97C9714,CUSTC5945B48,2024-04-18,2024-05-18,17398.38,EUR,Unpaid,286.97
INV330F14B7,CUSTAEB23E32,2024-08-04,2024-09-03,43314.61,USD,Unpaid,0.0
INV9040C3E6,CUSTAEB23E32,2024-07-26,2024-08-25,5085.12,USD,Paid,0.0
INVC3217C36,CUST045788EE,2024-05-12,2024-06-11,49543.79,USD,Paid,0.0
INVF70F20EB,CUST045788EE,2024-08-13,2024-09-12,21355.07,USD,Overdue,0.0
INVAFBD4056,CUSTC1B9B6C1,2024-05-09,2024-06-08,34125.92,JPY,Paid,0.0
INV9BFA8077,CUSTC1B9B6C1,2024-03-21,2024-04-20,41482.26,JPY,Paid,0.0
INV7CD4145F,CUST7EE3CCA8,2024-02-18,2024-03-19,17224.95,USD,Paid,0.0
INV45D2E204,CUST7EE3CCA8,2024-05-05,2024-06-04,36602.94,USD,Paid,0.0
INV4CE75F01,CUST7EE3CCA8,2024-05-06,2024-06-05,14168.81,USD,Paid,0.0
INV55C03A9A,CUST7EE3CCA8,2024-07-14,2024-08-13,31325.59,USD,Unpaid,0.0
INVE5EDD442,CUST7EE3CCA8,2024-05-09,2024-06-08,9529.73,USD,Unpaid,0.0
INVED454AA4,CUST8AE764F7,2024-06-11,2024-07-11,32952.02,USD,Unpaid,0.0
INV0174D8EF,CUST8AE764F7,2024-08-29,2024-09-28,24414.02,USD,Paid,0.0
INV98F5E39C,CUST8AE764F7,2024-11-28,2024-12-28,18151.58,USD,Paid,0.0
INV027705AB,CUST8AE764F7,2024-02-25,2024-03-26,26984.13,USD,Paid,0.0
INVA0880256,CUST8AE764F7,2024-09-06,2024-10-06,21561.09,USD,Paid,0.0
INVB3593BB0,CUST7059B3DF,2024-05-26,2024-06-25,33207.5,AUD,Unpaid,1305.74
INVD2D2CBF7,CUST7059B3DF,2024-01-02,2024-02-01,28902.83,AUD,Paid,0.0
INVCC0989DC,CUST7059B3DF,2023-12-03,2024-01-02,19700.95,GBP,Paid,0.0
INV3B1D423A,CUST7059B3DF,2024-08-22,2024-09-21,24483.22,JPY,Paid,0.0
INV698C589B,CUSTFDE23ECE,2024-08-21,2024-09-20,16188.61,USD,Paid,0.0
INVCC77063D,CUSTFDE23ECE,2024-07-17,2024-08-16,43444.57,USD,Paid,0.0
INVBC4A33ED,CUSTFDE23ECE,2024-06-01,2024-07-01,10326.34,USD,Paid,0.0
INV5019B4D2,CUSTFDE23ECE,2024-06-21,2024-07-21,26739.34,USD,Unpaid,0.0
INVB3D906D3,CUSTFDE23ECE,2023-12-13,2024-01-12,34466.31,USD,Paid,0.0
INV46A043EA,CUST1822E06F,2024-04-04,2024-05-04,36572.21,AUD,Unpaid,1233.1
INV87B5BDF2,CUST1822E06F,2024-04-08,2024-05-08,9690.25,EUR,Unpaid,102.59
INVB0B2C199,CUST1822E06F,2024-09-26,2024-10-26,26105.18,AUD,Unpaid,1012.2
INVCCA58F17,CUST1822E06F,2024-09-28,2024-10-28,30818.66,AUD,Paid,0.0
INVF3C00360,CUSTE98D385A,2024-11-17,2024-12-17,24695.5,USD,Unpaid,0.0
INV11A90C78,CUSTE98D385A,2024-04-03,2024-05-03,21366.71,USD,Paid,0.0
INV5953BB2F,CUST57123101,2024-06-04,2024-07-04,2213.82,EUR,Paid,0.0
INV1A543750,CUST57123101,2024-08-02,2024-09-01,27602.05,GBP,Paid,0.0
INV2BD79981,CUST57123101,2024-09-03,2024-10-03,37586.79,EUR,Unpaid,1147.17
INVF1D6B006,CUST57123101,2024-07-10,2024-08-09,8158.79,EUR,Unpaid,238.85
INVB862BD47,CUST57123101,2024-09-20,2024-10-20,5067.35,GBP,Paid,0.0
INVDB22C392,CUST8637472A,2024-11-12,2024-12-12,32991.91,USD,Unpaid,0.0
INV3DD4A08C,CUST8637472A,2024-03-18,2024-04-17,3744.47,USD,Unpaid,0.0
INV47585BC4,CUST808C0BFD,2024-09-20,2024-10-20,45321.6,USD,Paid,0.0
INV59B2C74B,CUST808C0BFD,2024-07-10,2024-08-09,5556.33,USD,Paid,0.0
INVC42F33F6,CUST808C0BFD,2024-11-01,2024-12-01,33920.31,USD,Paid,0.0
INVFC2F9A90,CUST808C0BFD,2024-11-03,2024-12-03,41447.17,USD,Paid,0.0
INV1648BC27,CUST808C0BFD,2024-06-22,2024-07-22,40580.74,USD,Paid,0.0
INVD98961BF,CUSTE6CE65EC,2023-12-27,2024-01-26,47304.64,USD,Overdue,0.0
INV9BA07E3E,CUSTE6CE65EC,2023-12-23,2024-01-22,32446.92,USD,Paid,0.0
INV86ACA450,CUSTE6CE65EC,2024-10-16,2024-11-15,5058.73,USD,Unpaid,0.0
INV8C311183,CUSTE6CE65EC,2023-12-26,2024-01-25,1196.18,USD,Unpaid,0.0
INVBABE6501,CUST3DB5471D,2024-08-28,2024-09-27,31288.5,USD,Unpaid,0.0
INV42CEA5EE,CUST3DB5471D,2024-03-23,2024-04-22,12366.07,USD,Paid,0.0
INV441B568C,CUST3DB5471D,2024-10-16,2024-11-15,33908.08,USD,Paid,0.0
INVBF8E3BBB,CUST3DB5471D,2024-02-09,2024-03-10,23896.88,USD,Unpaid,0.0
INV6684397D,CUST3DB5471D,2024-11-09,2024-12-09,2714.72,USD,Paid,0.0
INVF5A65F7B,CUSTBAE8EAFE,2024-03-15,2024-04-14,33970.77,USD,Unpaid,0.0
INVB138D496,CUST3B04F66E,2024-09-13,2024-10-13,17964.39,USD,Unpaid,0.0
INV81A8D7C9,CUST3B04F66E,2024-03-03,2024-04-02,15242.75,USD,Paid,0.0
INVE077B3E5,CUST3B04F66E,2024-08-14,2024-09-13,7573.16,USD,Paid,0.0
INV46614F05,CUST3B04F66E,2024-01-03,2024-02-02,31741.12,USD,Overdue,0.0
INV72C6339C,CUSTFEBDF366,2024-01-05,2024-02-04,42466.89,USD,Overdue,0.0
INV19A8C848,CUSTFEBDF366,2024-11-29,2024-12-29,29234.77,USD,Paid,0.0
INV22F41A15,CUSTEE87311F,2024-07-08,2024-08-07,15163.87,EUR,Paid,0.0
INVFB76DA5C,CUSTEE87311F,2024-02-11,2024-03-12,8824.52,EUR,Paid,0.0
INVC0C934D3,CUSTEE87311F,2023-12-13,2024-01-12,5887.58,EUR,Paid,0.0
INV2C73568B,CUST0734D082,2024-03-26,2024-04-25,38146.28,USD,Paid,0.0
INV442977C3,CUST0734D082,2024-05-17,2024-06-16,42422.58,USD,Unpaid,0.0
INV4680190C,CUST0734D082,2024-03-08,2024-04-07,12271.63,USD,Unpaid,0.0
INV1F9C87FC,CUSTF12CA22B,2024-01-01,2024-01-31,23201.36,USD,Paid,0.0
INV07804E64,CUSTF12CA22B,2024-06-15,2024-07-15,8723.63,USD,Paid,0.0
INV64237A62,CUSTF12CA22B,2024-07-23,2024-08-22,49238.38,USD,Paid,0.0
INVF192C88D,CUST17E2386F,2023-12-12,2024-01-11,24489.92,USD,Paid,0.0
INV01882BCF,CUST701D5ECE,2023-12-07,2024-01-06,9017.79,USD,Paid,0.0
INVC2520456,CUST701D5ECE,2024-09-11,2024-10-11,32904.48,USD,Unpaid,0.0
INVE9388F12,CUST701D5ECE,2024-01-19,2024-02-18,16514.3,USD,Paid,0.0
INVFC8FDFD2,CUST701D5ECE,2024-08-14,2024-09-13,18264.45,USD,Unpaid,0.0
INV4BC7051C,CUSTD152E1AD,2024-02-28,2024-03-29,7897.51,USD,Unpaid,0.0
INV66DA568D,CUST319B1A78,2024-01-01,2024-01-31,35231.44,USD,Paid,0.0
INVB3CD8687,CUST319B1A78,2024-05-13,2024-06-12,12376.06,USD,Paid,0.0
INVA32C6782,CUSTBA5AC0AF,2024-01-19,2024-02-18,6224.87,EUR,Paid,0.0
INVE0C39D1B,CUSTBA5AC0AF,2024-08-30,2024-09-29,32700.65,AUD,Paid,0.0
INV12CEC2F7,CUSTBA5AC0AF,2024-09-25,2024-10-25,14296.17,GBP,Paid,0.0
INVB8C6F6D7,CUSTBA5AC0AF,2024-07-17,2024-08-16,25643.71,AUD,Paid,0.0
INV363F0B4E,CUSTBA5AC0AF,2024-09-14,2024-10-14,6818.87,EUR,Paid,0.0
INV3EA8C8C5,CUSTFAED083F,2024-07-23,2024-08-22,28228.09,USD,Paid,0.0
INV49967167,CUSTFAED083F,2024-11-16,2024-12-16,32141.33,USD,Paid,0.0
INVB500E314,CUSTFAED083F,2024-10-28,2024-11-27,22358.39,USD,Paid,0.0
INVBC3722F8,CUSTA1EFC83C,2024-04-14,2024-05-14,41109.08,USD,Overdue,0.0
INV5BC0A48F,CUSTA1EFC83C,2023-12-29,2024-01-28,42606.42,USD,Paid,0.0
INVC43184B9,CUSTA1EFC83C,2024-02-18,2024-03-19,22851.31,USD,Paid,0.0
INV7A11A04E,CUSTA1EFC83C,2024-09-30,2024-10-30,26031.17,USD,Paid,0.0
INVB29EEC18,CUST8B0D0534,2024-02-26,2024-03-27,32454.16,JPY,Paid,0.0
INV84DF6DAB,CUST8B0D0534,2024-05-31,2024-06-30,19119.29,EUR,Paid,0.0
INV12BC7FB3,CUST7F97B919,2024-09-27,2024-10-27,44070.6,USD,Paid,0.0
INV6CC092C8,CUST7F97B919,2024-07-07,2024-08-06,46495.7,USD,Paid,0.0
INV76C0FFDA,CUST7F97B919,2024-11-27,2024-12-27,17045.97,USD,Paid,0.0
INVD1B2D020,CUST7F97B919,2024-01-04,2024-02-03,16222.57,USD,Paid,0.0
INVE69C58D8,CUST7F97B919,2024-11-02,2024-12-02,49602.47,USD,Unpaid,0.0
INV0FA7D81D,CUST4DEA1113,2024-10-08,2024-11-07,9303.87,USD,Unpaid,0.0
INVFD7338A7,CUST4DEA1113,2024-06-19,2024-07-19,46556.54,USD,Paid,0.0
INV2E412527,CUST4DEA1113,2024-02-24,2024-03-25,23008.67,USD,Paid,0.0
INV715C1E53,CUST8CDEE3D7,2024-10-28,2024-11-27,25688.1,USD,Unpaid,0.0
INVBE005300,CUST8CDEE3D7,2024-06-14,2024-07-14,18717.77,USD,Unpaid,0.0
INVEE3BADAE,CUST1056D543,2024-05-27,2024-06-26,21532.17,USD,Paid,0.0
INV51BF7140,CUSTF675565C,2024-11-03,2024-12-03,18346.62,USD,Paid,0.0
INV5A3F4632,CUSTF675565C,2024-01-30,2024-02-29,17835.14,USD,Paid,0.0
INV580BE011,CUST86C233D1,2024-05-25,2024-06-24,37193.19,JPY,Paid,0.0
INV900B7E75,CUSTC17DD6D7,2024-07-21,2024-08-20,27985.05,USD,Paid,0.0
INV2AA90429,CUSTC17DD6D7,2024-04-23,2024-05-23,2542.91,USD,Paid,0.0
INV82630538,CUSTC17DD6D7,2024-03-06,2024-04-05,49221.42,USD,Paid,0.0
INVBE0BEFC7,CUSTC17DD6D7,2024-01-23,2024-02-22,1296.62,USD,Paid,0.0
INV4E7794D8,CUSTC17DD6D7,2024-01-12,2024-02-11,29733.79,USD,Paid,0.0
INV1D7367F9,CUSTE32874AF,2024-03-27,2024-04-26,6574.85,USD,Overdue,0.0
INV940889D9,CUSTE32874AF,2024-06-05,2024-07-05,17071.45,USD,Paid,0.0
INV96542780,CUSTE32874AF,2024-11-08,2024-12-08,36630.2,USD,Unpaid,0.0
INVF762B16A,CUSTE32874AF,2024-06-12,2024-07-12,9572.83,USD,Paid,0.0
INVC20EB221,CUSTE32874AF,2024-08-14,2024-09-13,23894.97,USD,Paid,0.0
INV53E671C0,CUST75FB74FF,2024-09-01,2024-10-01,4029.27,USD,Unpaid,0.0
INVBC19DE18,CUST75FB74FF,2023-12-22,2024-01-21,23898.32,USD,Overdue,0.0
INV411BCA21,CUSTEF7A2DEE,2024-11-13,2024-12-13,12939.76,USD,Paid,0.0
INV34520C17,CUSTEF7A2DEE,2024-05-04,2024-06-03,20408.46,USD,Unpaid,0.0
INV81E70437,CUSTEF7A2DEE,2024-02-22,2024-03-23,40285.67,USD,Unpaid,0.0
INVD449307A,CUST4A430E65,2024-05-15,2024-06-14,16306.76,USD,Paid,0.0
INV42B52F2C,CUST4A430E65,2024-10-15,2024-11-14,16337.67,USD,Unpaid,0.0
INV923F3E27,CUST94D5FD87,2024-11-18,2024-12-18,21234.62,USD,Overdue,0.0
INVD513BAFF,CUST94D5FD87,2024-05-24,2024-06-23,41330.62,USD,Paid,0.0
INVF88D3034,CUST6A3C594A,2024-07-15,2024-08-14,30298.02,USD,Overdue,0.0
INV73DA5FCF,CUST6A3C594A,2024-01-17,2024-02-16,39176.14,USD,Paid,0.0
INV6318707F,CUST6A3C594A,2024-09-29,2024-10-29,30811.29,USD,Unpaid,0.0
INV4F4B98C7,CUST027365C5,2024-09-16,2024-10-16,40582.31,USD,Paid,0.0
INV02B2D9F2,CUST027365C5,2024-10-13,2024-11-12,36416.56,USD,Overdue,0.0
INVC5599824,CUST027365C5,2024-04-27,2024-05-27,48690.95,USD,Paid,0.0
INV2181DB55,CUST027365C5,2023-12-15,2024-01-14,3008.81,USD,Paid,0.0
INVB2A3FAAA,CUST027365C5,2024-07-04,2024-08-03,8119.08,USD,Unpaid,0.0
INV68E8B32F,CUST6A997709,2024-09-30,2024-10-30,26734.08,USD,Paid,0.0
INVB8A282E8,CUST6A997709,2023-12-01,2023-12-31,2132.9,USD,Overdue,0.0
INV41A31C5E,CUST6A997709,2024-06-12,2024-07-12,16544.4,USD,Paid,0.0
INV64F3D57B,CUST6A997709,2024-03-05,2024-04-04,13186.67,USD,Paid,0.0
INV4319BEDE,CUST6A997709,2024-06-24,2024-07-24,8772.02,USD,Unpaid,0.0
INV29F3F1AE,CUST1EE4A5D0,2024-07-11,2024-08-10,17131.81,EUR,Paid,0.0
INVA02C2582,CUST1EE4A5D0,2024-04-20,2024-05-20,1971.17,GBP,Unpaid,64.33
INVDF7B39CA,CUSTB94AFF0C,2023-12-12,2024-01-11,31688.25,AUD,Paid,0.0
INV790A4473,CUSTB94AFF0C,2024-09-26,2024-10-26,6331.28,AUD,Paid,0.0
INVA4B569CF,CUSTB94AFF0C,2024-01-20,2024-02-19,49068.09,EUR,Paid,0.0
INVC8AFB6B8,CUSTB94AFF0C,2024-01-03,2024-02-02,26602.86,AUD,Unpaid,737.05
INV46F5B825,CUSTB94AFF0C,2024-06-20,2024-07-20,27916.24,GBP,Paid,0.0
INVD63BC62D,CUST82666B5B,2024-01-10,2024-02-09,43284.73,USD,Paid,0.0
INV580037D7,CUST82666B5B,2024-02-23,2024-03-24,20536.99,USD,Paid,0.0
INV6D6CD901,CUST82666B5B,2024-08-29,2024-09-28,5010.96,USD,Paid,0.0
INV12197761,CUST9E485E12,2024-08-29,2024-09-28,8523.49,USD,Paid,0.0
INV7AA5FFCB,CUST9E485E12,2024-11-10,2024-12-10,30180.52,USD,Paid,0.0
INVB9349714,CUST9E485E12,2024-02-01,2024-03-02,20034.95,USD,Paid,0.0
INV8E184A96,CUST9E485E12,2024-04-28,2024-05-28,25570.87,USD,Paid,0.0
INVDBBA3D7F,CUST9E485E12,2024-04-22,2024-05-22,30271.85,USD,Paid,0.0
INVE8998862,CUSTDB38DA8C,2024-02-18,2024-03-19,5812.26,USD,Paid,0.0
INVC202E851,CUST8FD5741E,2023-12-27,2024-01-26,16792.44,USD,Paid,0.0
INVA3F2B0BC,CUST8FD5741E,2024-05-06,2024-06-05,17693.5,USD,Overdue,0.0
INVC79BBBFF,CUST8FD5741E,2024-11-28,2024-12-28,36203.78,USD,Unpaid,0.0
INV2037D00F,CUST8FD5741E,2024-02-15,2024-03-16,44150.36,USD,Paid,0.0
INV8DE4A277,CUST8FD5741E,2024-09-01,2024-10-01,19355.58,USD,Unpaid,0.0
INV4DC87682,CUST834880A1,2024-09-20,2024-10-20,4854.16,USD,Paid,0.0
INV948256EC,CUST834880A1,2024-01-24,2024-02-23,23241.02,USD,Paid,0.0
INVF81ED099,CUSTBC77A809,2024-09-01,2024-10-01,45461.19,EUR,Overdue,1169.05
INV6C436526,CUSTBC77A809,2024-02-28,2024-03-29,45261.13,EUR,Overdue,1485.34
INV3549A7D3,CUSTBC77A809,2024-05-30,2024-06-29,19468.22,GBP,Overdue,271.16
INV7ABD8227,CUSTBC77A809,2024-07-25,2024-08-24,1429.37,AUD,Paid,0.0
INV037BEB14,CUSTBC77A809,2024-05-07,2024-06-06,3782.8,EUR,Paid,0.0
INVEC983AB9,CUST84A5BC8D,2024-03-25,2024-04-24,37669.06,USD,Paid,0.0
INV913C181C,CUST84A5BC8D,2024-04-15,2024-05-15,21247.44,USD,Paid,0.0
INVA12F36AA,CUST84A5BC8D,2024-01-30,2024-02-29,38228.91,USD,Paid,0.0
INV36DCE546,CUST501DFC8D,2024-09-10,2024-10-10,16695.1,AUD,Paid,0.0
INV7C0380E1,CUST501DFC8D,2024-10-19,2024-11-18,24182.41,AUD,Paid,0.0
INV8B6322ED,CUST501DFC8D,2024-09-05,2024-10-05,3481.21,EUR,Paid,0.0
INV3344E8E5,CUST6E746796,2024-03-16,2024-04-15,19045.97,USD,Paid,0.0
INVAAE8CD6B,CUST6E746796,2024-03-24,2024-04-23,30065.04,USD,Unpaid,0.0
INV2AA9FB14,CUST18533BA8,2024-08-28,2024-09-27,37011.23,USD,Paid,0.0
INV664687ED,CUST18533BA8,2024-11-05,2024-12-05,11245.87,USD,Overdue,0.0
INV4456ECF2,CUST18533BA8,2024-05-02,2024-06-01,5351.43,USD,Paid,0.0
INV50AA09DD,CUST18533BA8,2024-04-23,2024-05-23,12172.12,USD,Paid,0.0
INVCD69C3A8,CUST893AA380,2024-03-01,2024-03-31,20462.85,USD,Paid,0.0
INVF3F3A6D7,CUST893AA380,2024-11-27,2024-12-27,8372.46,USD,Unpaid,0.0
INV04E8DA4D,CUST893AA380,2024-10-30,2024-11-29,27485.71,USD,Paid,0.0
INV7743A0DD,CUST893AA380,2024-03-03,2024-04-02,11906.31,USD,Overdue,0.0
INVC75F19AA,CUST75BA06F3,2024-08-29,2024-09-28,10915.66,USD,Unpaid,0.0
INV099FFBF2,CUST75BA06F3,2024-02-15,2024-03-16,1944.5,USD,Paid,0.0
INVE7011D06,CUST75BA06F3,2024-05-08,2024-06-07,8716.86,USD,Paid,0.0
INV47EDE674,CUST75BA06F3,2024-08-11,2024-09-10,49769.1,USD,Paid,0.0
INV33825A9A,CUST1C442A3F,2024-07-30,2024-08-29,9802.79,USD,Paid,0.0
INV469A1BF4,CUST1C442A3F,2024-11-19,2024-12-19,43056.64,USD,Paid,0.0
INVFAEBFC78,CUST1C442A3F,2024-01-22,2024-02-21,33892.32,USD,Paid,0.0
INV96874E17,CUST1C442A3F,2024-05-05,2024-06-04,12580.43,USD,Paid,0.0
INV8FCD741D,CUST1C442A3F,2024-03-18,2024-04-17,24584.85,USD,Unpaid,0.0
INVE745D13B,CUST6415560C,2024-09-16,2024-10-16,31149.89,USD,Unpaid,0.0
INVC727DCF2,CUST6415560C,2024-11-18,2024-12-18,21608.48,USD,Paid,0.0
INVC303A286,CUST6415560C,2024-10-14,2024-11-13,22807.82,USD,Unpaid,0.0
INV2E460935,CUST6415560C,2024-11-12,2024-12-12,20385.38,USD,Paid,0.0
INV252ED8E1,CUST1229696B,2024-02-18,2024-03-19,41792.21,USD,Paid,0.0
INVE818A0B1,CUST2C6E1D5B,2024-02-03,2024-03-04,6493.51,JPY,Paid,0.0
INV16304E40,CUST2C6E1D5B,2024-10-21,2024-11-20,21546.05,EUR,Overdue,813.57
INV6A2EBE44,CUST33F9ABEE,2023-12-16,2024-01-15,9281.33,EUR,Paid,0.0
INVC7926DAE,CUST33F9ABEE,2024-04-01,2024-05-01,25143.6,EUR,Paid,0.0
INVAB157808,CUST33F9ABEE,2024-08-14,2024-09-13,49421.82,JPY,Paid,0.0
INVFEE3B2D5,CUST33F9ABEE,2024-04-10,2024-05-10,23038.86,EUR,Paid,0.0
INV393E89EA,CUST296E2CAE,2024-11-12,2024-12-12,5586.91,EUR,Unpaid,272.28
INVF12530D5,CUST296E2CAE,2024-08-15,2024-09-14,37748.59,JPY,Unpaid,1127.97
INVB13A469E,CUST66EBF675,2024-07-21,2024-08-20,25491.63,USD,Paid,0.0
INV13A51116,CUST5A38797A,2024-11-03,2024-12-03,3536.13,USD,Paid,0.0
INVE00A4BEB,CUST5A38797A,2024-11-26,2024-12-26,24352.23,USD,Paid,0.0
INV80D7BDF7,CUST5A38797A,2024-08-21,2024-09-20,5543.55,USD,Paid,0.0
INV05EF4A04,CUST5A38797A,2023-12-13,2024-01-12,15339.15,USD,Paid,0.0
INVD725F870,CUSTACF629B6,2024-03-21,2024-04-20,5161.89,USD,Unpaid,0.0
INV4845AE79,CUSTACF629B6,2024-02-10,2024-03-11,17569.31,USD,Unpaid,0.0
INV76C62526,CUSTACF629B6,2024-10-15,2024-11-14,31840.56,USD,Unpaid,0.0
INVC0DC1A24,CUSTACF629B6,2024-06-06,2024-07-06,45352.75,USD,Paid,0.0
INV42E27E79,CUSTACF629B6,2024-01-21,2024-02-20,7025.98,USD,Paid,0.0
INVF47159E0,CUSTF6F36A81,2024-08-06,2024-09-05,17373.79,USD,Paid,0.0
INV242E531D,CUSTDA23AA21,2023-12-17,2024-01-16,32203.53,USD,Paid,0.0
INVCC274A8D,CUSTDA23AA21,2024-08-30,2024-09-29,9759.6,USD,Paid,0.0
INVAF1AF59F,CUSTDA23AA21,2024-02-02,2024-03-03,14188.05,USD,Paid,0.0
INV51056F9A,CUSTDA23AA21,2024-07-05,2024-08-04,35649.03,USD,Overdue,0.0
INVF23A62F1,CUSTF463375A,2024-10-21,2024-11-20,2909.22,USD,Paid,0.0
INV376F780E,CUSTF463375A,2024-02-19,2024-03-20,18716.01,USD,Paid,0.0
INV00B76951,CUSTF463375A,2024-04-21,2024-05-21,35279.28,USD,Unpaid,0.0
INVB1989372,CUSTF463375A,2024-05-26,2024-06-25,49335.98,USD,Overdue,0.0
INVEA49C8B8,CUSTF463375A,2024-11-26,2024-12-26,16659.98,USD,Paid,0.0
INVC0B097EB,CUST7323F51D,2024-05-12,2024-06-11,31518.19,GBP,Paid,0.0
INV1602A440,CUST7323F51D,2024-02-26,2024-03-27,40042.41,JPY,Paid,0.0
INVE3741713,CUST7323F51D,2024-06-22,2024-07-22,19199.92,EUR,Overdue,417.55
INV3C5C9570,CUST7323F51D,2024-01-18,2024-02-17,14222.44,JPY,Overdue,659.26
INVAEBF62E0,CUST7323F51D,2024-09-22,2024-10-22,16505.65,JPY,Paid,0.0
INVF68AE516,CUST037FBF91,2024-02-08,2024-03-09,47514.5,USD,Paid,0.0
INVCD38BCA6,CUST037FBF91,2024-10-14,2024-11-13,20945.17,USD,Unpaid,0.0
INV3C85F1C3,CUST037FBF91,2024-08-18,2024-09-17,7841.82,USD,Paid,0.0
INVC85DC1AD,CUST037FBF91,2024-06-04,2024-07-04,31756.85,USD,Unpaid,0.0
INV321699B6,CUST037FBF91,2024-06-20,2024-07-20,36713.79,USD,Paid,0.0
INV10A3D8B0,CUSTF02EC130,2024-07-26,2024-08-25,37763.7,USD,Paid,0.0
INVD122587D,CUSTF02EC130,2024-10-10,2024-11-09,13650.34,USD,Paid,0.0
INV803BCE92,CUSTF02EC130,2024-01-24,2024-02-23,48175.94,USD,Overdue,0.0
INVE02E6861,CUSTF02EC130,2024-09-02,2024-10-02,17474.05,USD,Paid,0.0
INV9D4C6B47,CUSTF02EC130,2023-12-08,2024-01-07,28491.34,USD,Unpaid,0.0
INV084935D3,CUST32C5591D,2024-07-19,2024-08-18,37673.8,USD,Paid,0.0
INV569D8572,CUSTD482F212,2023-12-15,2024-01-14,19115.94,USD,Paid,0.0
INV86B9D323,CUST95280864,2024-05-04,2024-06-03,45669.49,USD,Paid,0.0
INV30FE1153,CUST95280864,2024-01-20,2024-02-19,18399.37,USD,Unpaid,0.0
INVC38C4CBC,CUST95280864,2023-12-24,2024-01-23,7179.9,USD,Paid,0.0
INV11BF74FB,CUST10B96B3C,2024-10-18,2024-11-17,20347.35,USD,Paid,0.0
INVD5FC7BB6,CUST609E1DF6,2024-10-18,2024-11-17,35805.25,USD,Overdue,0.0
INV509B4096,CUST609E1DF6,2024-10-29,2024-11-28,6767.38,USD,Unpaid,0.0
INV26BFE8C4,CUST609E1DF6,2024-02-16,2024-03-17,20240.99,USD,Paid,0.0
INV9FC0396E,CUST609E1DF6,2024-08-18,2024-09-17,19386.52,USD,Overdue,0.0
INV79A85DAF,CUSTDB5F4F51,2024-07-08,2024-08-07,6379.43,USD,Paid,0.0
INV9F706CE4,CUSTDB5F4F51,2024-04-26,2024-05-26,27192.54,USD,Paid,0.0
INV27BD40DC,CUSTDB5F4F51,2024-02-19,2024-03-20,33137.23,USD,Paid,0.0
INVF895FE84,CUST8FE92104,2024-06-02,2024-07-02,9459.46,JPY,Paid,0.0
INVACA24220,CUST8FE92104,2023-12-01,2023-12-31,22921.37,AUD,Overdue,836.65
INVDACB2EC8,CUST8FE92104,2024-09-27,2024-10-27,33357.4,GBP,Paid,0.0
INV257CF51B,CUST8FE92104,2024-05-04,2024-06-03,44727.1,EUR,Paid,0.0
INVA9868C1D,CUST8864C249,2024-06-21,2024-07-21,16107.8,USD,Paid,0.0
INV22528E87,CUST8864C249,2024-06-27,2024-07-27,25963.69,USD,Paid,0.0
INVBD97FF6B,CUST8864C249,2024-01-17,2024-02-16,31011.65,USD,Paid,0.0
INV2523A777,CUST8864C249,2024-03-10,2024-04-09,24563.92,USD,Paid,0.0
INVA8048C52,CUST8864C249,2024-05-27,2024-06-26,24746.55,USD,Unpaid,0.0
INVCB4AF2C6,CUST678A4CE5,2023-12-19,2024-01-18,2474.32,EUR,Unpaid,33.84
INV69FE2ACE,CUST678A4CE5,2024-10-16,2024-11-15,45955.31,EUR,Unpaid,1349.06
INVB42E0E65,CUST678A4CE5,2024-09-24,2024-10-24,48240.72,GBP,Paid,0.0
INV61C56677,CUST678A4CE5,2024-03-31,2024-04-30,27061.06,GBP,Unpaid,1008.35
INV5FFF226E,CUST678A4CE5,2024-06-04,2024-07-04,48110.3,EUR,Overdue,1637.04
INV93D621D5,CUST1935D599,2024-10-26,2024-11-25,2103.96,EUR,Paid,0.0
INVDA3B45C8,CUST1935D599,2023-12-21,2024-01-20,33938.39,GBP,Paid,0.0
INV0A272F1B,CUST1935D599,2024-06-05,2024-07-05,39946.74,GBP,Paid,0.0
INV73F0686A,CUST3B6E5840,2024-01-22,2024-02-21,42522.69,JPY,Overdue,1667.56
INV427EA20E,CUST3B6E5840,2024-11-03,2024-12-03,28635.8,EUR,Paid,0.0
INV3128C9FB,CUST3B6E5840,2024-08-28,2024-09-27,11896.69,AUD,Paid,0.0
INV87B77D79,CUST9AF1AB38,2024-01-21,2024-02-20,23658.27,JPY,Overdue,742.67
INVD7CDB10C,CUST9AF1AB38,2024-08-25,2024-09-24,15794.85,EUR,Unpaid,466.7
INVC734DF9B,CUST081C3E9C,2024-11-28,2024-12-28,28982.84,USD,Overdue,0.0
INV2C5531E1,CUST081C3E9C,2024-07-26,2024-08-25,12168.16,USD,Paid,0.0
INV44563721,CUST081C3E9C,2024-04-14,2024-05-14,20221.81,USD,Paid,0.0
INV3F6D0266,CUST081C3E9C,2024-05-25,2024-06-24,18624.06,USD,Paid,0.0
INVEF2AAB7B,CUST081C3E9C,2024-04-05,2024-05-05,47745.72,USD,Unpaid,0.0
INV3459026A,CUST6B218D1E,2024-08-11,2024-09-10,32702.47,EUR,Unpaid,1097.98
INV10C02EA1,CUST6B218D1E,2023-12-23,2024-01-22,45799.1,AUD,Paid,0.0
INV9156EA1C,CUST6B218D1E,2024-01-01,2024-01-31,38891.43,AUD,Overdue,1398.55
INV33C24DB3,CUST33DCA3F9,2024-02-14,2024-03-15,16921.3,AUD,Unpaid,593.08
INVDDA134BE,CUST33DCA3F9,2024-07-15,2024-08-14,25747.91,AUD,Paid,0.0
INV2BFC8D61,CUST33DCA3F9,2024-08-15,2024-09-14,48868.6,EUR,Unpaid,2320.93
INV5DACB02A,CUSTBBF16843,2024-09-11,2024-10-11,21360.84,EUR,Paid,0.0
INV8346A53E,CUST71B01885,2024-09-09,2024-10-09,33179.35,USD,Overdue,0.0
INV2888AA55,CUST71B01885,2024-11-12,2024-12-12,23874.76,USD,Overdue,0.0
INV1ECEF7BA,CUST71B01885,2023-11-30,2023-12-30,3789.13,USD,Paid,0.0
INVD14CE971,CUST71B01885,2024-01-01,2024-01-31,22090.41,USD,Paid,0.0
INVF83337B4,CUST0C6F57D1,2024-05-08,2024-06-07,24713.17,USD,Paid,0.0
INV1AD35E09,CUST0C6F57D1,2024-09-25,2024-10-25,27424.18,USD,Paid,0.0
INV03F1460B,CUST2925E14C,2024-03-14,2024-04-13,46286.62,USD,Overdue,0.0
INVC0CAF91B,CUST2925E14C,2024-02-18,2024-03-19,23864.16,USD,Paid,0.0
INV0B380D9E,CUST2925E14C,2024-01-13,2024-02-12,40661.58,USD,Paid,0.0
INV3499ACA9,CUSTFBB169AC,2024-04-09,2024-05-09,3704.02,USD,Overdue,0.0
INVA82227E5,CUSTFBB169AC,2024-02-29,2024-03-30,33992.2,USD,Unpaid,0.0
INVE107594E,CUST865F9121,2024-04-07,2024-05-07,30129.62,USD,Paid,0.0
INVE8B50ED2,CUST79B35C98,2024-10-05,2024-11-04,12518.99,USD,Paid,0.0
INV883C4DA1,CUST79B35C98,2024-06-02,2024-07-02,35574.59,USD,Paid,0.0
INV0CA2639A,CUST91940E8E,2024-07-02,2024-08-01,32630.87,USD,Paid,0.0
INV316D71E7,CUST91940E8E,2024-04-30,2024-05-30,31687.47,USD,Paid,0.0
INV1F434E11,CUST4DA33722,2024-06-29,2024-07-29,5666.5,USD,Unpaid,0.0
INVF7BC06D7,CUST4DA33722,2024-02-12,2024-03-13,4584.86,USD,Paid,0.0
INV692D6DD7,CUST72892D95,2024-02-27,2024-03-28,47827.53,AUD,Paid,0.0
INVC833A29D,CUST72892D95,2024-04-30,2024-05-30,35690.81,AUD,Paid,0.0
INV812413EC,CUST72892D95,2024-10-15,2024-11-14,45319.54,GBP,Paid,0.0
INVA150BA2B,CUST72892D95,2023-12-27,2024-01-26,18013.96,EUR,Unpaid,280.93
INV150B2DD7,CUST72892D95,2024-06-05,2024-07-05,27850.8,AUD,Unpaid,379.95
INV60C4F064,CUST4B1C68DE,2024-06-05,2024-07-05,23649.53,GBP,Unpaid,328.98
INVFD047ED2,CUST4B1C68DE,2024-10-19,2024-11-18,15543.72,EUR,Unpaid,436.86
INV75980D30,CUST4B1C68DE,2023-12-06,2024-01-05,21189.43,EUR,Unpaid,419.24
INV8BFAB938,CUST4B1C68DE,2024-05-18,2024-06-17,33081.51,JPY,Unpaid,1624.07
INVBC8B1E22,CUST4B1C68DE,2024-02-14,2024-03-15,40485.35,AUD,Unpaid,1121.93
INV98D65CDA,CUST738E6AE4,2023-11-30,2023-12-30,4860.11,USD,Paid,0.0
INV124B1462,CUST738E6AE4,2024-02-14,2024-03-15,36521.16,USD,Paid,0.0
INV8123096F,CUST738E6AE4,2024-02-26,2024-03-27,5906.54,USD,Overdue,0.0
INVF0360D8B,CUST390DC2EA,2024-03-28,2024-04-27,38156.56,USD,Paid,0.0
INVC6CBBB15,CUST505FCB28,2024-07-23,2024-08-22,20110.5,USD,Overdue,0.0
INV8F5405CD,CUST505FCB28,2024-06-17,2024-07-17,39878.75,USD,Overdue,0.0
INVCF8DA542,CUST505FCB28,2024-02-02,2024-03-03,9651.5,USD,Paid,0.0
INV2497198C,CUST505FCB28,2024-01-04,2024-02-03,29683.53,USD,Paid,0.0
INVD5716980,CUST9683DA5E,2024-06-05,2024-07-05,11091.91,USD,Paid,0.0
INVF028BE27,CUST9683DA5E,2024-09-18,2024-10-18,45457.42,USD,Paid,0.0
INVF116F9F2,CUST91BCC330,2024-07-19,2024-08-18,36882.01,USD,Overdue,0.0
INV89A34B65,CUST91BCC330,2024-04-30,2024-05-30,5480.95,USD,Paid,0.0
INVB85CF7D4,CUST91BCC330,2024-04-29,2024-05-29,5890.84,USD,Paid,0.0
INV4776DF28,CUST91BCC330,2024-02-05,2024-03-06,38137.45,USD,Paid,0.0
INVB7502598,CUST91BCC330,2023-12-11,2024-01-10,1436.56,USD,Paid,0.0
INVD6A725C0,CUST1089BCD1,2024-11-22,2024-12-22,17133.52,USD,Overdue,0.0
INVF8FF5452,CUST55FD7284,2023-12-24,2024-01-23,7622.01,USD,Paid,0.0
INVB56C381C,CUST55FD7284,2023-12-30,2024-01-29,21075.31,USD,Paid,0.0
INVF24D70A9,CUST55FD7284,2024-10-09,2024-11-08,2022.06,USD,Paid,0.0
INV763B4218,CUST55FD7284,2024-01-07,2024-02-06,15985.8,USD,Paid,0.0
INVFBD7FEE6,CUSTA38494FA,2024-06-09,2024-07-09,4834.8,USD,Paid,0.0
INV6199C981,CUST21362309,2024-07-18,2024-08-17,35253.09,USD,Paid,0.0
INVA3B6E9E7,CUST21362309,2024-01-05,2024-02-04,34104.56,USD,Paid,0.0
INV8C410D16,CUST21362309,2023-12-28,2024-01-27,30160.02,USD,Paid,0.0
INV1C1D57BC,CUST21362309,2024-02-17,2024-03-18,26437.84,USD,Paid,0.0
INVAB0E17AA,CUST21362309,2024-04-30,2024-05-30,19557.42,USD,Paid,0.0
INV380030D6,CUST4DDDD3EA,2024-04-02,2024-05-02,19375.3,USD,Paid,0.0
INVAF342399,CUSTE9BB864C,2024-03-15,2024-04-14,38372.65,USD,Paid,0.0
INV2551526E,CUSTE9BB864C,2023-12-21,2024-01-20,39908.66,USD,Paid,0.0
INV60845D60,CUST10A0C951,2024-09-16,2024-10-16,36318.19,USD,Paid,0.0
INVACD9B4F0,CUST10A0C951,2024-07-22,2024-08-21,47735.15,USD,Unpaid,0.0
INV4BF23A4F,CUST10A0C951,2024-08-01,2024-08-31,28262.96,USD,Paid,0.0
INV1BFFE17E,CUST6EE39E72,2024-06-11,2024-07-11,18974.24,GBP,Paid,0.0
INV329CF911,CUST6EE39E72,2024-07-14,2024-08-13,25043.84,EUR,Paid,0.0
INV73397CE4,CUSTF5AC520C,2024-09-27,2024-10-27,39820.74,USD,Paid,0.0
INV85F07D12,CUSTF5AC520C,2024-08-19,2024-09-18,11144.36,USD,Paid,0.0
INVE53A362E,CUSTF5AC520C,2024-06-02,2024-07-02,43909.34,USD,Paid,0.0
INVB2379CC0,CUSTF5AC520C,2024-06-19,2024-07-19,10401.59,USD,Paid,0.0
INV5ACDFB0A,CUST8D51F2C5,2024-06-28,2024-07-28,22055.72,USD,Overdue,0.0
INV7868F9EA,CUST8D51F2C5,2024-09-13,2024-10-13,28955.68,USD,Paid,0.0
INV5B57CBB5,CUST8D51F2C5,2024-10-07,2024-11-06,27549.77,USD,Paid,0.0
INV40F3FBF1,CUSTC9CCA1A1,2024-10-15,2024-11-14,28652.62,USD,Unpaid,0.0
INV05751E8D,CUSTC9CCA1A1,2024-10-16,2024-11-15,35835.0,USD,Unpaid,0.0
INV2872A7AD,CUSTA26608F5,2024-08-19,2024-09-18,4182.15,AUD,Overdue,126.37
INV79E26D58,CUSTFC773A25,2024-04-04,2024-05-04,3490.14,EUR,Paid,0.0
INV42238688,CUSTFC773A25,2024-08-06,2024-09-05,24355.91,JPY,Overdue,754.45
INV48FDBBA2,CUSTFC773A25,2024-01-06,2024-02-05,47300.9,AUD,Paid,0.0
INV49ACD92B,CUSTFC773A25,2024-08-12,2024-09-11,41411.87,AUD,Paid,0.0
INVE6D756F0,CUSTD934B395,2024-11-12,2024-12-12,22690.93,USD,Paid,0.0
INV933264C8,CUSTD934B395,2024-04-10,2024-05-10,22311.23,USD,Paid,0.0
INV80D18ED1,CUSTE24F5B59,2024-09-24,2024-10-24,2051.68,USD,Paid,0.0
INV9056912D,CUSTE24F5B59,2024-03-09,2024-04-08,42693.39,USD,Overdue,0.0
INVDAF74877,CUSTE24F5B59,2023-12-07,2024-01-06,47091.76,USD,Unpaid,0.0
INVCFB3AF64,CUSTE24F5B59,2024-03-13,2024-04-12,5564.28,USD,Paid,0.0
INV1BA1C121,CUST4B8CC3F9,2023-12-23,2024-01-22,38715.47,JPY,Paid,0.0
INV55399E00,CUST4B8CC3F9,2024-08-12,2024-09-11,49044.18,AUD,Paid,0.0
